PRAGMA foreign_keys=OFF;
BEGIN TRANSACTION;
CREATE TABLE IF NOT EXISTS "django_migrations" ("id" integer NOT NULL PRIMARY KEY AUTOINCREMENT, "app" varchar(255) NOT NULL, "name" varchar(255) NOT NULL, "applied" datetime NOT NULL);
INSERT INTO django_migrations VALUES(1,'contenttypes','0001_initial','2018-03-31 10:40:15.713644');
INSERT INTO django_migrations VALUES(2,'auth','0001_initial','2018-03-31 10:40:15.903725');
INSERT INTO django_migrations VALUES(3,'admin','0001_initial','2018-03-31 10:40:16.082831');
INSERT INTO django_migrations VALUES(4,'admin','0002_logentry_remove_auto_add','2018-03-31 10:40:16.250853');
INSERT INTO django_migrations VALUES(5,'attivita','0001_initial','2018-03-31 10:40:16.476173');
INSERT INTO django_migrations VALUES(6,'contenttypes','0002_remove_content_type_name','2018-03-31 10:40:16.677536');
INSERT INTO django_migrations VALUES(7,'auth','0002_alter_permission_name_max_length','2018-03-31 10:40:16.826684');
INSERT INTO django_migrations VALUES(8,'auth','0003_alter_user_email_max_length','2018-03-31 10:40:17.002222');
INSERT INTO django_migrations VALUES(9,'auth','0004_alter_user_username_opts','2018-03-31 10:40:17.159881');
INSERT INTO django_migrations VALUES(10,'auth','0005_alter_user_last_login_null','2018-03-31 10:40:17.316082');
INSERT INTO django_migrations VALUES(11,'auth','0006_require_contenttypes_0002','2018-03-31 10:40:17.381889');
INSERT INTO django_migrations VALUES(12,'auth','0007_alter_validators_add_error_messages','2018-03-31 10:40:17.538108');
INSERT INTO django_migrations VALUES(13,'auth','0008_alter_user_username_max_length','2018-03-31 10:40:17.692224');
INSERT INTO django_migrations VALUES(14,'sessions','0001_initial','2018-03-31 10:40:17.865536');
INSERT INTO django_migrations VALUES(15,'users','0001_initial','2018-03-31 10:41:54.915598');
INSERT INTO django_migrations VALUES(16,'attivita','0002_attivita_proprietario','2018-03-31 10:43:37.282748');
INSERT INTO django_migrations VALUES(17,'recensioni','0001_initial','2018-03-31 10:46:18.583740');
INSERT INTO django_migrations VALUES(18,'recensioni','0002_auto_20180331_1051','2018-03-31 10:51:51.692514');
INSERT INTO django_migrations VALUES(19,'search','0001_initial','2018-03-31 10:57:20.090982');
INSERT INTO django_migrations VALUES(20,'notifications','0001_initial','2018-03-31 10:59:15.304901');
INSERT INTO django_migrations VALUES(21,'recensioni','0003_auto_20180331_1131','2018-03-31 11:31:04.992335');
INSERT INTO django_migrations VALUES(22,'recensioni','0004_auto_20180404_1602','2018-04-04 16:02:49.065679');
INSERT INTO django_migrations VALUES(23,'recensioni','0004_auto_20180404_1734','2018-04-04 17:34:16.513819');
INSERT INTO django_migrations VALUES(24,'recensioni','0005_auto_20180418_1641','2018-04-18 16:44:33.043917');
INSERT INTO django_migrations VALUES(25,'attivita','0003_image_filename','2018-05-09 07:35:14.064306');
CREATE TABLE IF NOT EXISTS "auth_group" ("id" integer NOT NULL PRIMARY KEY AUTOINCREMENT, "name" varchar(80) NOT NULL UNIQUE);
CREATE TABLE IF NOT EXISTS "auth_group_permissions" ("id" integer NOT NULL PRIMARY KEY AUTOINCREMENT, "group_id" integer NOT NULL REFERENCES "auth_group" ("id"), "permission_id" integer NOT NULL REFERENCES "auth_permission" ("id"));
CREATE TABLE IF NOT EXISTS "auth_user_groups" ("id" integer NOT NULL PRIMARY KEY AUTOINCREMENT, "user_id" integer NOT NULL REFERENCES "auth_user" ("id"), "group_id" integer NOT NULL REFERENCES "auth_group" ("id"));
CREATE TABLE IF NOT EXISTS "auth_user_user_permissions" ("id" integer NOT NULL PRIMARY KEY AUTOINCREMENT, "user_id" integer NOT NULL REFERENCES "auth_user" ("id"), "permission_id" integer NOT NULL REFERENCES "auth_permission" ("id"));
INSERT INTO auth_user_user_permissions VALUES(57,18,34);
INSERT INTO auth_user_user_permissions VALUES(58,18,35);
INSERT INTO auth_user_user_permissions VALUES(59,18,36);
INSERT INTO auth_user_user_permissions VALUES(60,18,37);
INSERT INTO auth_user_user_permissions VALUES(61,19,25);
INSERT INTO auth_user_user_permissions VALUES(62,19,26);
INSERT INTO auth_user_user_permissions VALUES(63,19,27);
INSERT INTO auth_user_user_permissions VALUES(64,20,34);
INSERT INTO auth_user_user_permissions VALUES(65,20,35);
INSERT INTO auth_user_user_permissions VALUES(66,20,36);
INSERT INTO auth_user_user_permissions VALUES(67,20,37);
INSERT INTO auth_user_user_permissions VALUES(68,21,25);
INSERT INTO auth_user_user_permissions VALUES(69,21,26);
INSERT INTO auth_user_user_permissions VALUES(70,21,27);
INSERT INTO auth_user_user_permissions VALUES(71,22,25);
INSERT INTO auth_user_user_permissions VALUES(72,22,26);
INSERT INTO auth_user_user_permissions VALUES(73,22,27);
INSERT INTO auth_user_user_permissions VALUES(74,23,34);
INSERT INTO auth_user_user_permissions VALUES(75,23,35);
INSERT INTO auth_user_user_permissions VALUES(76,23,36);
INSERT INTO auth_user_user_permissions VALUES(77,23,37);
INSERT INTO auth_user_user_permissions VALUES(78,24,25);
INSERT INTO auth_user_user_permissions VALUES(79,24,26);
INSERT INTO auth_user_user_permissions VALUES(80,24,27);
INSERT INTO auth_user_user_permissions VALUES(81,25,34);
INSERT INTO auth_user_user_permissions VALUES(82,25,35);
INSERT INTO auth_user_user_permissions VALUES(83,25,36);
INSERT INTO auth_user_user_permissions VALUES(84,25,37);
INSERT INTO auth_user_user_permissions VALUES(85,26,34);
INSERT INTO auth_user_user_permissions VALUES(86,26,35);
INSERT INTO auth_user_user_permissions VALUES(87,26,36);
INSERT INTO auth_user_user_permissions VALUES(88,26,37);
INSERT INTO auth_user_user_permissions VALUES(89,27,34);
INSERT INTO auth_user_user_permissions VALUES(90,27,35);
INSERT INTO auth_user_user_permissions VALUES(91,27,36);
INSERT INTO auth_user_user_permissions VALUES(92,27,37);
INSERT INTO auth_user_user_permissions VALUES(93,28,34);
INSERT INTO auth_user_user_permissions VALUES(94,28,35);
INSERT INTO auth_user_user_permissions VALUES(95,28,36);
INSERT INTO auth_user_user_permissions VALUES(96,28,37);
INSERT INTO auth_user_user_permissions VALUES(101,30,34);
INSERT INTO auth_user_user_permissions VALUES(102,30,35);
INSERT INTO auth_user_user_permissions VALUES(103,30,36);
INSERT INTO auth_user_user_permissions VALUES(104,30,37);
CREATE TABLE IF NOT EXISTS "django_admin_log" ("id" integer NOT NULL PRIMARY KEY AUTOINCREMENT, "object_id" text NULL, "object_repr" varchar(200) NOT NULL, "action_flag" smallint unsigned NOT NULL, "change_message" text NOT NULL, "content_type_id" integer NULL REFERENCES "django_content_type" ("id"), "user_id" integer NOT NULL REFERENCES "auth_user" ("id"), "action_time" datetime NOT NULL);
INSERT INTO django_admin_log VALUES(1,'1','Pilati',2,'[{"changed": {"fields": ["reputazione"]}}, {"deleted": {"name": "recensione", "object": "simo on Pilati"}}, {"deleted": {"name": "recensione", "object": "recensore on Pilati"}}]',9,1,'2018-03-31 11:34:33.233000');
INSERT INTO django_admin_log VALUES(2,'1','Pilati',2,'[{"deleted": {"object": "simo on Pilati", "name": "recensione"}}, {"deleted": {"object": "recensore on Pilati", "name": "recensione"}}]',9,1,'2018-03-31 13:53:19.981000');
INSERT INTO django_admin_log VALUES(3,'1','Pilati',2,'[{"changed": {"name": "recensione", "object": "simo on Pilati", "fields": ["voto"]}}, {"deleted": {"name": "image", "object": "Image object"}}]',9,1,'2018-04-05 13:10:32.521000');
INSERT INTO django_admin_log VALUES(4,'1','Pilati',2,'[{"deleted": {"name": "image", "object": "Image object"}}]',9,1,'2018-04-05 13:29:10.887000');
INSERT INTO django_admin_log VALUES(5,'1','Pilati',2,'[{"deleted": {"name": "recensione", "object": "simo on Pilati"}}]',9,1,'2018-04-18 16:46:09.980000');
INSERT INTO django_admin_log VALUES(6,'1','Pilati',2,'[{"added": {"name": "recensione", "object": "simo on Pilati"}}]',9,1,'2018-04-18 16:46:38.772000');
INSERT INTO django_admin_log VALUES(7,'1','Pilati',2,'[{"deleted": {"name": "recensione", "object": "simo on Pilati"}}]',9,1,'2018-04-18 16:47:07.786000');
INSERT INTO django_admin_log VALUES(8,'13','owner2',3,'',3,1,'2018-04-24 19:44:40.326000');
INSERT INTO django_admin_log VALUES(9,'5','Carisma',3,'',9,1,'2018-05-07 07:29:10.047000');
INSERT INTO django_admin_log VALUES(10,'4','Delorean',3,'',9,1,'2018-05-07 07:29:10.131000');
INSERT INTO django_admin_log VALUES(11,'3','Baia Imperatrice',3,'',9,1,'2018-05-07 07:29:10.209000');
INSERT INTO django_admin_log VALUES(12,'2','we',3,'',9,1,'2018-05-07 07:29:10.287000');
INSERT INTO django_admin_log VALUES(13,'1','Pilati',3,'',9,1,'2018-05-07 07:29:10.364000');
INSERT INTO django_admin_log VALUES(14,'7','asdasd',3,'',3,1,'2018-05-07 07:29:44.444000');
INSERT INTO django_admin_log VALUES(15,'15','briatore1',3,'',3,1,'2018-05-07 07:29:44.517000');
INSERT INTO django_admin_log VALUES(16,'11','ciaone',3,'',3,1,'2018-05-07 07:29:44.584000');
INSERT INTO django_admin_log VALUES(17,'12','ciccio',3,'',3,1,'2018-05-07 07:29:44.650000');
INSERT INTO django_admin_log VALUES(18,'16','cicciopast',3,'',3,1,'2018-05-07 07:29:44.717000');
INSERT INTO django_admin_log VALUES(19,'10','culocane',3,'',3,1,'2018-05-07 07:29:44.839000');
INSERT INTO django_admin_log VALUES(20,'9','culoman',3,'',3,1,'2018-05-07 07:29:44.917000');
INSERT INTO django_admin_log VALUES(21,'8','faccioschifo',3,'',3,1,'2018-05-07 07:29:44.994000');
INSERT INTO django_admin_log VALUES(22,'3','owner',3,'',3,1,'2018-05-07 07:29:45.071000');
INSERT INTO django_admin_log VALUES(23,'14','owner2',3,'',3,1,'2018-05-07 07:29:45.149000');
INSERT INTO django_admin_log VALUES(24,'17','owner3',3,'',3,1,'2018-05-07 07:29:45.215000');
INSERT INTO django_admin_log VALUES(25,'4','recensore',3,'',3,1,'2018-05-07 07:29:45.282000');
INSERT INTO django_admin_log VALUES(26,'5','sara',3,'',3,1,'2018-05-07 07:29:45.349000');
INSERT INTO django_admin_log VALUES(27,'2','simo',3,'',3,1,'2018-05-07 07:29:45.453000');
INSERT INTO django_admin_log VALUES(28,'6','vaffanculo',3,'',3,1,'2018-05-07 07:29:45.537000');
INSERT INTO django_admin_log VALUES(29,'15','RicercaComplessa object',3,'',13,1,'2018-05-07 07:30:35.841000');
INSERT INTO django_admin_log VALUES(30,'14','RicercaComplessa object',3,'',13,1,'2018-05-07 07:30:35.923000');
INSERT INTO django_admin_log VALUES(31,'13','RicercaComplessa object',3,'',13,1,'2018-05-07 07:30:36.011000');
INSERT INTO django_admin_log VALUES(32,'12','RicercaComplessa object',3,'',13,1,'2018-05-07 07:30:36.088000');
INSERT INTO django_admin_log VALUES(33,'11','RicercaComplessa object',3,'',13,1,'2018-05-07 07:30:36.166000');
INSERT INTO django_admin_log VALUES(34,'10','RicercaComplessa object',3,'',13,1,'2018-05-07 07:30:36.245000');
INSERT INTO django_admin_log VALUES(35,'9','RicercaComplessa object',3,'',13,1,'2018-05-07 07:30:36.356000');
INSERT INTO django_admin_log VALUES(36,'8','RicercaComplessa object',3,'',13,1,'2018-05-07 07:30:36.445000');
INSERT INTO django_admin_log VALUES(37,'7','RicercaComplessa object',3,'',13,1,'2018-05-07 07:30:36.534000');
INSERT INTO django_admin_log VALUES(38,'6','RicercaComplessa object',3,'',13,1,'2018-05-07 07:30:36.623000');
INSERT INTO django_admin_log VALUES(39,'5','RicercaComplessa object',3,'',13,1,'2018-05-07 07:30:36.710000');
INSERT INTO django_admin_log VALUES(40,'4','RicercaComplessa object',3,'',13,1,'2018-05-07 07:30:36.800000');
INSERT INTO django_admin_log VALUES(41,'3','RicercaComplessa object',3,'',13,1,'2018-05-07 07:30:36.888000');
INSERT INTO django_admin_log VALUES(42,'2','RicercaComplessa object',3,'',13,1,'2018-05-07 07:30:37');
INSERT INTO django_admin_log VALUES(43,'1','RicercaComplessa object',3,'',13,1,'2018-05-07 07:30:37.078000');
INSERT INTO django_admin_log VALUES(44,'27','RicercaSemplice object',3,'',14,1,'2018-05-07 07:31:14.946000');
INSERT INTO django_admin_log VALUES(45,'26','RicercaSemplice object',3,'',14,1,'2018-05-07 07:31:15.014000');
INSERT INTO django_admin_log VALUES(46,'25','RicercaSemplice object',3,'',14,1,'2018-05-07 07:31:15.092000');
INSERT INTO django_admin_log VALUES(47,'24','RicercaSemplice object',3,'',14,1,'2018-05-07 07:31:15.170000');
INSERT INTO django_admin_log VALUES(48,'23','RicercaSemplice object',3,'',14,1,'2018-05-07 07:31:15.236000');
INSERT INTO django_admin_log VALUES(49,'22','RicercaSemplice object',3,'',14,1,'2018-05-07 07:31:15.314000');
INSERT INTO django_admin_log VALUES(50,'21','RicercaSemplice object',3,'',14,1,'2018-05-07 07:31:15.391000');
INSERT INTO django_admin_log VALUES(51,'20','RicercaSemplice object',3,'',14,1,'2018-05-07 07:31:15.458000');
INSERT INTO django_admin_log VALUES(52,'19','RicercaSemplice object',3,'',14,1,'2018-05-07 07:31:15.581000');
INSERT INTO django_admin_log VALUES(53,'18','RicercaSemplice object',3,'',14,1,'2018-05-07 07:31:15.669000');
INSERT INTO django_admin_log VALUES(54,'17','RicercaSemplice object',3,'',14,1,'2018-05-07 07:31:15.768000');
INSERT INTO django_admin_log VALUES(55,'16','RicercaSemplice object',3,'',14,1,'2018-05-07 07:31:15.847000');
INSERT INTO django_admin_log VALUES(56,'15','RicercaSemplice object',3,'',14,1,'2018-05-07 07:31:15.925000');
INSERT INTO django_admin_log VALUES(57,'14','RicercaSemplice object',3,'',14,1,'2018-05-07 07:31:16.002000');
INSERT INTO django_admin_log VALUES(58,'13','RicercaSemplice object',3,'',14,1,'2018-05-07 07:31:16.080000');
INSERT INTO django_admin_log VALUES(59,'12','RicercaSemplice object',3,'',14,1,'2018-05-07 07:31:16.157000');
INSERT INTO django_admin_log VALUES(60,'11','RicercaSemplice object',3,'',14,1,'2018-05-07 07:31:16.235000');
INSERT INTO django_admin_log VALUES(61,'10','RicercaSemplice object',3,'',14,1,'2018-05-07 07:31:16.312000');
INSERT INTO django_admin_log VALUES(62,'9','RicercaSemplice object',3,'',14,1,'2018-05-07 07:31:16.390000');
INSERT INTO django_admin_log VALUES(63,'8','RicercaSemplice object',3,'',14,1,'2018-05-07 07:31:16.456000');
INSERT INTO django_admin_log VALUES(64,'7','RicercaSemplice object',3,'',14,1,'2018-05-07 07:31:16.523000');
INSERT INTO django_admin_log VALUES(65,'6','RicercaSemplice object',3,'',14,1,'2018-05-07 07:31:16.590000');
INSERT INTO django_admin_log VALUES(66,'5','RicercaSemplice object',3,'',14,1,'2018-05-07 07:31:16.668000');
INSERT INTO django_admin_log VALUES(67,'4','RicercaSemplice object',3,'',14,1,'2018-05-07 07:31:16.734000');
INSERT INTO django_admin_log VALUES(68,'3','RicercaSemplice object',3,'',14,1,'2018-05-07 07:31:16.801000');
INSERT INTO django_admin_log VALUES(69,'2','RicercaSemplice object',3,'',14,1,'2018-05-07 07:31:16.867000');
INSERT INTO django_admin_log VALUES(70,'1','RicercaSemplice object',3,'',14,1,'2018-05-07 07:31:16.945000');
INSERT INTO django_admin_log VALUES(71,'29','bomba',3,'',3,1,'2018-05-08 15:44:19.811770');
CREATE TABLE IF NOT EXISTS "attivita_tipologia" ("id" integer NOT NULL PRIMARY KEY AUTOINCREMENT, "nome" varchar(25) NOT NULL UNIQUE);
INSERT INTO attivita_tipologia VALUES(1,'Pizzeria');
INSERT INTO attivita_tipologia VALUES(2,'Internazionale');
INSERT INTO attivita_tipologia VALUES(3,'Pesce');
INSERT INTO attivita_tipologia VALUES(4,'Vegano');
INSERT INTO attivita_tipologia VALUES(5,'FastFood');
INSERT INTO attivita_tipologia VALUES(6,'Birreria');
INSERT INTO attivita_tipologia VALUES(7,'Tradizionale');
INSERT INTO attivita_tipologia VALUES(8,'Sushi');
INSERT INTO attivita_tipologia VALUES(9,'Cinese');
INSERT INTO attivita_tipologia VALUES(10,'Barbecue');
INSERT INTO attivita_tipologia VALUES(11,'Bar');
CREATE TABLE IF NOT EXISTS "attivita_attivita_tipologie" ("id" integer NOT NULL PRIMARY KEY AUTOINCREMENT, "attivita_id" integer NOT NULL REFERENCES "attivita_attivita" ("id"), "tipologia_id" integer NOT NULL REFERENCES "attivita_tipologia" ("id"));
INSERT INTO attivita_attivita_tipologie VALUES(27,7,1);
INSERT INTO attivita_attivita_tipologie VALUES(28,7,7);
INSERT INTO attivita_attivita_tipologie VALUES(29,7,3);
INSERT INTO attivita_attivita_tipologie VALUES(33,6,7);
INSERT INTO attivita_attivita_tipologie VALUES(34,6,10);
INSERT INTO attivita_attivita_tipologie VALUES(35,8,1);
INSERT INTO attivita_attivita_tipologie VALUES(36,9,4);
INSERT INTO attivita_attivita_tipologie VALUES(37,9,3);
INSERT INTO attivita_attivita_tipologie VALUES(38,9,7);
INSERT INTO attivita_attivita_tipologie VALUES(39,10,10);
INSERT INTO attivita_attivita_tipologie VALUES(40,10,7);
INSERT INTO attivita_attivita_tipologie VALUES(41,11,4);
INSERT INTO attivita_attivita_tipologie VALUES(42,11,1);
INSERT INTO attivita_attivita_tipologie VALUES(43,12,10);
INSERT INTO attivita_attivita_tipologie VALUES(44,12,7);
INSERT INTO attivita_attivita_tipologie VALUES(45,13,11);
INSERT INTO attivita_attivita_tipologie VALUES(46,13,6);
CREATE TABLE IF NOT EXISTS "django_content_type" ("id" integer NOT NULL PRIMARY KEY AUTOINCREMENT, "app_label" varchar(100) NOT NULL, "model" varchar(100) NOT NULL);
INSERT INTO django_content_type VALUES(1,'admin','logentry');
INSERT INTO django_content_type VALUES(2,'auth','group');
INSERT INTO django_content_type VALUES(3,'auth','user');
INSERT INTO django_content_type VALUES(4,'auth','permission');
INSERT INTO django_content_type VALUES(5,'contenttypes','contenttype');
INSERT INTO django_content_type VALUES(6,'sessions','session');
INSERT INTO django_content_type VALUES(7,'attivita','tipologia');
INSERT INTO django_content_type VALUES(8,'attivita','image');
INSERT INTO django_content_type VALUES(9,'attivita','attivita');
INSERT INTO django_content_type VALUES(10,'users','ownerprofile');
INSERT INTO django_content_type VALUES(11,'users','userprofile');
INSERT INTO django_content_type VALUES(12,'recensioni','recensione');
INSERT INTO django_content_type VALUES(13,'search','ricercacomplessa');
INSERT INTO django_content_type VALUES(14,'search','ricercasemplice');
INSERT INTO django_content_type VALUES(15,'notifications','notification');
INSERT INTO django_content_type VALUES(16,'notifications','answer');
CREATE TABLE IF NOT EXISTS "auth_permission" ("id" integer NOT NULL PRIMARY KEY AUTOINCREMENT, "content_type_id" integer NOT NULL REFERENCES "django_content_type" ("id"), "codename" varchar(100) NOT NULL, "name" varchar(255) NOT NULL);
INSERT INTO auth_permission VALUES(1,1,'add_logentry','Can add log entry');
INSERT INTO auth_permission VALUES(2,1,'change_logentry','Can change log entry');
INSERT INTO auth_permission VALUES(3,1,'delete_logentry','Can delete log entry');
INSERT INTO auth_permission VALUES(4,2,'add_group','Can add group');
INSERT INTO auth_permission VALUES(5,2,'change_group','Can change group');
INSERT INTO auth_permission VALUES(6,2,'delete_group','Can delete group');
INSERT INTO auth_permission VALUES(7,3,'add_user','Can add user');
INSERT INTO auth_permission VALUES(8,3,'change_user','Can change user');
INSERT INTO auth_permission VALUES(9,3,'delete_user','Can delete user');
INSERT INTO auth_permission VALUES(10,4,'add_permission','Can add permission');
INSERT INTO auth_permission VALUES(11,4,'change_permission','Can change permission');
INSERT INTO auth_permission VALUES(12,4,'delete_permission','Can delete permission');
INSERT INTO auth_permission VALUES(13,5,'add_contenttype','Can add content type');
INSERT INTO auth_permission VALUES(14,5,'change_contenttype','Can change content type');
INSERT INTO auth_permission VALUES(15,5,'delete_contenttype','Can delete content type');
INSERT INTO auth_permission VALUES(16,6,'add_session','Can add session');
INSERT INTO auth_permission VALUES(17,6,'change_session','Can change session');
INSERT INTO auth_permission VALUES(18,6,'delete_session','Can delete session');
INSERT INTO auth_permission VALUES(19,7,'add_tipologia','Can add tipologia');
INSERT INTO auth_permission VALUES(20,7,'change_tipologia','Can change tipologia');
INSERT INTO auth_permission VALUES(21,7,'delete_tipologia','Can delete tipologia');
INSERT INTO auth_permission VALUES(22,8,'add_image','Can add image');
INSERT INTO auth_permission VALUES(23,8,'change_image','Can change image');
INSERT INTO auth_permission VALUES(24,8,'delete_image','Can delete image');
INSERT INTO auth_permission VALUES(25,9,'add_attivita','Can add attivita');
INSERT INTO auth_permission VALUES(26,9,'change_attivita','Can change attivita');
INSERT INTO auth_permission VALUES(27,9,'delete_attivita','Can delete attivita');
INSERT INTO auth_permission VALUES(28,10,'add_ownerprofile','Can add owner profile');
INSERT INTO auth_permission VALUES(29,10,'change_ownerprofile','Can change owner profile');
INSERT INTO auth_permission VALUES(30,10,'delete_ownerprofile','Can delete owner profile');
INSERT INTO auth_permission VALUES(31,11,'add_userprofile','Can add user profile');
INSERT INTO auth_permission VALUES(32,11,'change_userprofile','Can change user profile');
INSERT INTO auth_permission VALUES(33,11,'delete_userprofile','Can delete user profile');
INSERT INTO auth_permission VALUES(34,12,'add_recensione','Can add recensione');
INSERT INTO auth_permission VALUES(35,12,'change_recensione','Can change recensione');
INSERT INTO auth_permission VALUES(36,12,'delete_recensione','Can delete recensione');
INSERT INTO auth_permission VALUES(37,12,'can_vote_review','Can Vote Review');
INSERT INTO auth_permission VALUES(38,13,'add_ricercacomplessa','Can add ricerca complessa');
INSERT INTO auth_permission VALUES(39,13,'change_ricercacomplessa','Can change ricerca complessa');
INSERT INTO auth_permission VALUES(40,13,'delete_ricercacomplessa','Can delete ricerca complessa');
INSERT INTO auth_permission VALUES(41,14,'add_ricercasemplice','Can add ricerca semplice');
INSERT INTO auth_permission VALUES(42,14,'change_ricercasemplice','Can change ricerca semplice');
INSERT INTO auth_permission VALUES(43,14,'delete_ricercasemplice','Can delete ricerca semplice');
INSERT INTO auth_permission VALUES(44,15,'add_notification','Can add notification');
INSERT INTO auth_permission VALUES(45,15,'change_notification','Can change notification');
INSERT INTO auth_permission VALUES(46,15,'delete_notification','Can delete notification');
INSERT INTO auth_permission VALUES(47,16,'add_answer','Can add answer');
INSERT INTO auth_permission VALUES(48,16,'change_answer','Can change answer');
INSERT INTO auth_permission VALUES(49,16,'delete_answer','Can delete answer');
CREATE TABLE IF NOT EXISTS "auth_user" ("id" integer NOT NULL PRIMARY KEY AUTOINCREMENT, "password" varchar(128) NOT NULL, "last_login" datetime NULL, "is_superuser" bool NOT NULL, "first_name" varchar(30) NOT NULL, "last_name" varchar(30) NOT NULL, "email" varchar(254) NOT NULL, "is_staff" bool NOT NULL, "is_active" bool NOT NULL, "date_joined" datetime NOT NULL, "username" varchar(150) NOT NULL UNIQUE);
INSERT INTO auth_user VALUES(1,'pbkdf2_sha256$36000$wU8xY1yF3G89$/lqxnWhkSM38EpZVbFrYNhho8ivMvSUqV/fFxrHQyIU=','2018-05-09 07:32:04.981047',1,'','','',1,1,'2018-03-31 11:26:07.574000','root');
INSERT INTO auth_user VALUES(18,'pbkdf2_sha256$36000$uziB49vGxXDR$mjO77OMEosg33SuFJbW8GRanl11UHaf+qsN/xYEH6v4=','2018-05-08 14:41:09.937000',0,'','','simo@simo.it',0,1,'2018-05-07 07:33:09.421000','simo');
INSERT INTO auth_user VALUES(19,'pbkdf2_sha256$36000$TvlOHOZgdB7A$aPGDgXUuuasTywhBTWITyhlYVCknzWUXCDlI3joqRWc=','2018-05-09 07:36:49.818827',0,'Owner','','owner@owner.it',0,1,'2018-05-07 07:36:24.979000','owner');
INSERT INTO auth_user VALUES(20,'pbkdf2_sha256$36000$sAGSgJEI2J3I$FZxEUh9xl4IL2HGF1BrCZTu4AFc7bbdDXGHe2YY88gI=','2018-05-08 15:04:56.345000',0,'','','sara@sara.it',0,1,'2018-05-07 08:07:08.789000','sara');
INSERT INTO auth_user VALUES(21,'pbkdf2_sha256$36000$0kqR9hLvmLCO$DUl8N9kMXLXpscc0C0hWPoOHSKkkx2CUNvasBit0iT8=','2018-05-08 14:06:53.566000',0,'','','owner@owner.it',0,1,'2018-05-07 16:20:11.609000','owner2');
INSERT INTO auth_user VALUES(22,'pbkdf2_sha256$36000$BFHAYZCyK6M7$54TK4Fp7BCIkpER50c2JHDBxP9w/LR+k/ZrLK0Iwlbg=','2018-05-07 16:26:15.046000',0,'','','example@example.com',0,0,'2018-05-07 16:26:13.114000','owner_reggio');
INSERT INTO auth_user VALUES(23,'pbkdf2_sha256$36000$iroVQ5cgsr98$LhWpYw0jAOWTG4WIeN9JRbu9YVfCFMtSb0R6OfPoJm4=','2018-05-08 14:38:42.297000',0,'Paolo','Rossi','example@example.com',0,1,'2018-05-08 13:36:47.525000','paolo_r');
INSERT INTO auth_user VALUES(24,'pbkdf2_sha256$36000$8eSBMTnXdwEc$myfjEJXGNNlL4oGPlNH1r5titrwCECvG52PNfYtmV4Y=','2018-05-08 14:16:02.153000',0,'','','owner@owner.it',0,1,'2018-05-08 14:16:00.751000','owner_rosso');
INSERT INTO auth_user VALUES(25,'pbkdf2_sha256$36000$7ng1UxxrA1EZ$CLyexGoOhqD620bFe+ECNGc3b/Ra9Nk/n5+D30K4e/Y=','2018-05-08 15:01:25.303000',0,'','','example@example.com',0,1,'2018-05-08 14:23:53.566000','IbLuca');
INSERT INTO auth_user VALUES(26,'pbkdf2_sha256$36000$L9XmqVbF0pMJ$0JqKaZ2Ryg5L0lLI9HGLknPnLKvVjbNB3+Fgn7yyk1c=','2018-05-08 14:27:46.857000',0,'','','example@example.com',0,1,'2018-05-08 14:27:46.290000','toni');
INSERT INTO auth_user VALUES(27,'pbkdf2_sha256$36000$Kw9bvgOLNDp2$ubIGwNhPAn8M3zcaL4xBLKsifVaxr6F6KeuCBkRxpxQ=','2018-05-08 14:43:49.949000',0,'','','example@example.com',0,1,'2018-05-08 14:43:49.479000','JJ');
INSERT INTO auth_user VALUES(28,'pbkdf2_sha256$36000$ESStNgD8pnHL$1WOwYEX7NB48KZfO8C4CqWYY7inVBUCGbqe1rsyjU7Y=','2018-05-08 15:05:37.854000',0,'','','example@example.com',0,1,'2018-05-08 15:04:01.762000','copy');
INSERT INTO auth_user VALUES(30,'pbkdf2_sha256$36000$XkYaoFm5jBzh$zdHWVqVlsmZ6LpOI+QUzKfn4dbHuyK2WESZ/yaXfois=','2018-05-08 16:31:25.475551',0,'','','example@example.com',0,1,'2018-05-08 16:31:25.045522','daniele');
CREATE TABLE IF NOT EXISTS "django_session" ("session_key" varchar(40) NOT NULL PRIMARY KEY, "session_data" text NOT NULL, "expire_date" datetime NOT NULL);
INSERT INTO django_session VALUES('k2ffdkw8a9fky9v9h6ajoudgervt47c3','NDEzZTQ5OTY4OWUwNDk0MTE3ODA2ODIzMDM4NzIzMmZlMWRiOWIyYjp7Il9hdXRoX3VzZXJfYmFja2VuZCI6ImRqYW5nby5jb250cmliLmF1dGguYmFja2VuZHMuTW9kZWxCYWNrZW5kIiwiX2F1dGhfdXNlcl9oYXNoIjoiNTAxMGYxMjFjNjM1YWFhMmI0YTI1NmZhN2EzMGM2Njk2NDA0MGEzMCIsIl9hdXRoX3VzZXJfaWQiOiIyOCJ9','2018-05-22 15:05:37.944000');
INSERT INTO django_session VALUES('5u735ze1r4148hywi6hyb9j7u77em7go','ZDgzZWY2MTU3M2Y0NDA0MTZiNWVmNWI1MDJhYmU5MTJiOTNkMzBkMDp7Il9hdXRoX3VzZXJfYmFja2VuZCI6ImRqYW5nby5jb250cmliLmF1dGguYmFja2VuZHMuTW9kZWxCYWNrZW5kIiwiX2F1dGhfdXNlcl9pZCI6IjEiLCJfYXV0aF91c2VyX2hhc2giOiI4YTkwMzlmNzI2NDlhMDRkMWY5ZGFhMGM0ZDQ5MzAzMTEyMjNmNTNkIn0=','2018-05-22 15:44:08.632462');
INSERT INTO django_session VALUES('s5jxuqe5x70vu4wa7kiuaddwu1ikyr19','MGU4MDI5Y2FmNzcyZGI0NTIyNGZiZDRiNTY4MDczZGYwY2NmYjhiZTp7Il9hdXRoX3VzZXJfYmFja2VuZCI6ImRqYW5nby5jb250cmliLmF1dGguYmFja2VuZHMuTW9kZWxCYWNrZW5kIiwiX2F1dGhfdXNlcl9pZCI6IjE5IiwiX2F1dGhfdXNlcl9oYXNoIjoiYWIxNzZkMWQ1NjVjNjMzZmRlMTE1MzMyMWQzZWVmMjg4ZDBjYTEwZSJ9','2018-05-23 07:36:49.895586');
CREATE TABLE IF NOT EXISTS "users_ownerprofile" ("id" integer NOT NULL PRIMARY KEY AUTOINCREMENT, "user_id" integer NOT NULL UNIQUE REFERENCES "auth_user" ("id"));
INSERT INTO users_ownerprofile VALUES(6,19);
INSERT INTO users_ownerprofile VALUES(7,21);
INSERT INTO users_ownerprofile VALUES(8,22);
INSERT INTO users_ownerprofile VALUES(9,24);
CREATE TABLE IF NOT EXISTS "users_userprofile" ("id" integer NOT NULL PRIMARY KEY AUTOINCREMENT, "affidabilita" integer unsigned NOT NULL, "user_id" integer NOT NULL UNIQUE REFERENCES "auth_user" ("id"));
INSERT INTO users_userprofile VALUES(12,30,18);
INSERT INTO users_userprofile VALUES(13,26,20);
INSERT INTO users_userprofile VALUES(14,25,23);
INSERT INTO users_userprofile VALUES(15,25,25);
INSERT INTO users_userprofile VALUES(16,24,26);
INSERT INTO users_userprofile VALUES(17,25,27);
INSERT INTO users_userprofile VALUES(18,25,28);
INSERT INTO users_userprofile VALUES(20,25,30);
CREATE TABLE IF NOT EXISTS "attivita_attivita" ("id" integer NOT NULL PRIMARY KEY AUTOINCREMENT, "nome" varchar(50) NOT NULL, "indirizzo" varchar(50) NOT NULL, "citta" varchar(30) NOT NULL, "reputazione" real NOT NULL, "descrizione" text NOT NULL, "latitudine" real NULL, "longitudine" real NULL, "proprietario_id" integer NULL REFERENCES "users_ownerprofile" ("id"));
INSERT INTO attivita_attivita VALUES(6,'Pilati','via Cerreto 4','Nirano',4.7547169811320753041,'Cucina tradizionale emiliana, materie prime prodotte direttamente da noi nelle nostre campagne, carne selezionata accuratamente dai migliori allevamenti.',44.501663000000000634,10.816219699999999548,6);
INSERT INTO attivita_attivita VALUES(7,'Nettuno','via San Giovanni Evangelista 32','Spezzano',1.7692307692307691624,'Ristorante e pizzeria, primi e secondi di carne e di Pesce al villaggio artigiano di Spezzano.',44.532230800000000671,10.851723899999999644,6);
INSERT INTO attivita_attivita VALUES(8,'Pizzeria Rustica','via Statale 109','Spezzano',3.0,'Pizza cotta in forno a legna, calda a casa tua!',44.532315099999998154,10.844581099999999196,7);
INSERT INTO attivita_attivita VALUES(9,'Osteria del Pescado','via Malatesta 1','Fiorano',4.0,'Pesce di qualità in un locale dalla cucina e lo stile moderno ed elegante,',44.539053299999999068,10.811410000000000408,7);
INSERT INTO attivita_attivita VALUES(10,'Trattoria da Rinnna','via Garibaldi 61','Albinea',4.375,'Cucina tradizionale emiliana, specializzati nella carne alla griglia, dal pollo al manzo al maiale.',44.592959499999999194,10.586743300000000189,8);
INSERT INTO attivita_attivita VALUES(11,'Pizzikotto Rivalta','via Tenni 39/A','Rivalta, RE',4.34210526315789469,'Pizza gourmet, alta napoletana, gusti classici e ricette innovative, prodotti IGP dal territorio per regalarti la pizza perfetta!',44.671784500000001117,10.599569499999999422,8);
INSERT INTO attivita_attivita VALUES(12,'Trattoria Ca Longa','via Repubblica 50','Reggio Emilia',4.4901960784313725838,'Cucina tradizionale Reggiana',44.650887099999998497,10.586505100000000112,7);
INSERT INTO attivita_attivita VALUES(13,'La Terra di Mezzo Irish Pub','via Magazzeno 3133','Magazzeno',4.0,'Irish Pub a tema Signore degli Anelli: birre stagionali alla spina, birre artigianali in bottiglia, hamburger, panini e fritti!',44.518795999999987598,11.057039100000000785,9);
CREATE TABLE IF NOT EXISTS "recensioni_recensione_votanti" ("id" integer NOT NULL PRIMARY KEY AUTOINCREMENT, "recensione_id" integer NOT NULL REFERENCES "recensioni_recensione" ("id"), "userprofile_id" integer NOT NULL REFERENCES "users_userprofile" ("id"));
INSERT INTO recensioni_recensione_votanti VALUES(9,23,13);
INSERT INTO recensioni_recensione_votanti VALUES(10,23,14);
INSERT INTO recensioni_recensione_votanti VALUES(11,26,13);
INSERT INTO recensioni_recensione_votanti VALUES(12,22,13);
INSERT INTO recensioni_recensione_votanti VALUES(13,25,13);
INSERT INTO recensioni_recensione_votanti VALUES(14,29,15);
INSERT INTO recensioni_recensione_votanti VALUES(15,26,16);
INSERT INTO recensioni_recensione_votanti VALUES(16,22,16);
INSERT INTO recensioni_recensione_votanti VALUES(17,27,13);
INSERT INTO recensioni_recensione_votanti VALUES(18,28,13);
INSERT INTO recensioni_recensione_votanti VALUES(19,30,13);
INSERT INTO recensioni_recensione_votanti VALUES(20,31,13);
INSERT INTO recensioni_recensione_votanti VALUES(21,32,13);
CREATE TABLE IF NOT EXISTS "search_ricercacomplessa" ("id" integer NOT NULL PRIMARY KEY AUTOINCREMENT, "testo_citta" varchar(25) NOT NULL, "testo_nome" varchar(25) NOT NULL);
INSERT INTO search_ricercacomplessa VALUES(16,'a','a');
INSERT INTO search_ricercacomplessa VALUES(17,'','');
INSERT INTO search_ricercacomplessa VALUES(18,'Spezzano','');
INSERT INTO search_ricercacomplessa VALUES(19,'','');
INSERT INTO search_ricercacomplessa VALUES(20,'','');
INSERT INTO search_ricercacomplessa VALUES(21,'','');
INSERT INTO search_ricercacomplessa VALUES(22,'','');
INSERT INTO search_ricercacomplessa VALUES(23,'fiorano','');
INSERT INTO search_ricercacomplessa VALUES(24,'','');
INSERT INTO search_ricercacomplessa VALUES(25,'','');
CREATE TABLE IF NOT EXISTS "search_ricercacomplessa_tipologie" ("id" integer NOT NULL PRIMARY KEY AUTOINCREMENT, "ricercacomplessa_id" integer NOT NULL REFERENCES "search_ricercacomplessa" ("id"), "tipologia_id" integer NOT NULL REFERENCES "attivita_tipologia" ("id"));
INSERT INTO search_ricercacomplessa_tipologie VALUES(9,16,8);
INSERT INTO search_ricercacomplessa_tipologie VALUES(10,16,9);
INSERT INTO search_ricercacomplessa_tipologie VALUES(11,16,11);
INSERT INTO search_ricercacomplessa_tipologie VALUES(12,16,6);
INSERT INTO search_ricercacomplessa_tipologie VALUES(13,16,4);
INSERT INTO search_ricercacomplessa_tipologie VALUES(14,16,2);
INSERT INTO search_ricercacomplessa_tipologie VALUES(15,16,10);
INSERT INTO search_ricercacomplessa_tipologie VALUES(16,16,5);
INSERT INTO search_ricercacomplessa_tipologie VALUES(17,16,1);
INSERT INTO search_ricercacomplessa_tipologie VALUES(18,16,7);
INSERT INTO search_ricercacomplessa_tipologie VALUES(19,16,3);
INSERT INTO search_ricercacomplessa_tipologie VALUES(20,18,1);
CREATE TABLE IF NOT EXISTS "search_ricercasemplice" ("id" integer NOT NULL PRIMARY KEY AUTOINCREMENT, "testo" varchar(25) NOT NULL);
INSERT INTO search_ricercasemplice VALUES(28,'wow');
INSERT INTO search_ricercasemplice VALUES(29,'rivalta');
INSERT INTO search_ricercasemplice VALUES(30,'spezzano');
INSERT INTO search_ricercasemplice VALUES(31,'*');
INSERT INTO search_ricercasemplice VALUES(32,'p');
INSERT INTO search_ricercasemplice VALUES(33,'rivalta');
INSERT INTO search_ricercasemplice VALUES(34,'p');
INSERT INTO search_ricercasemplice VALUES(35,'p');
INSERT INTO search_ricercasemplice VALUES(36,'p');
INSERT INTO search_ricercasemplice VALUES(37,'reggio');
INSERT INTO search_ricercasemplice VALUES(38,'fiorani');
INSERT INTO search_ricercasemplice VALUES(39,'spezzano');
INSERT INTO search_ricercasemplice VALUES(40,'nettuno');
INSERT INTO search_ricercasemplice VALUES(41,'spezzano');
INSERT INTO search_ricercasemplice VALUES(42,'nettuno');
INSERT INTO search_ricercasemplice VALUES(43,'p');
INSERT INTO search_ricercasemplice VALUES(44,'p');
INSERT INTO search_ricercasemplice VALUES(45,'a');
CREATE TABLE IF NOT EXISTS "notifications_notification" ("id" integer NOT NULL PRIMARY KEY AUTOINCREMENT, "visualizzata" bool NOT NULL, "destinatario_id" integer NOT NULL REFERENCES "users_ownerprofile" ("id"), "mittente_id" integer NOT NULL REFERENCES "users_userprofile" ("id"), "recensione_id" integer NOT NULL REFERENCES "recensioni_recensione" ("id"));
INSERT INTO notifications_notification VALUES(26,1,6,12,22);
INSERT INTO notifications_notification VALUES(27,1,6,12,23);
INSERT INTO notifications_notification VALUES(28,1,6,12,23);
INSERT INTO notifications_notification VALUES(29,1,6,13,24);
INSERT INTO notifications_notification VALUES(30,0,7,14,25);
INSERT INTO notifications_notification VALUES(31,1,6,12,23);
INSERT INTO notifications_notification VALUES(32,1,6,14,26);
INSERT INTO notifications_notification VALUES(33,0,8,14,27);
INSERT INTO notifications_notification VALUES(34,0,8,12,28);
INSERT INTO notifications_notification VALUES(35,0,8,13,29);
INSERT INTO notifications_notification VALUES(36,1,6,14,26);
INSERT INTO notifications_notification VALUES(37,1,6,12,22);
INSERT INTO notifications_notification VALUES(38,0,7,14,25);
INSERT INTO notifications_notification VALUES(39,0,7,15,30);
INSERT INTO notifications_notification VALUES(40,0,8,15,31);
INSERT INTO notifications_notification VALUES(41,0,8,13,29);
INSERT INTO notifications_notification VALUES(42,0,7,16,32);
INSERT INTO notifications_notification VALUES(43,0,6,16,33);
INSERT INTO notifications_notification VALUES(44,0,6,14,26);
INSERT INTO notifications_notification VALUES(45,1,6,12,22);
INSERT INTO notifications_notification VALUES(46,0,6,13,34);
INSERT INTO notifications_notification VALUES(47,0,8,14,27);
INSERT INTO notifications_notification VALUES(48,0,8,12,28);
INSERT INTO notifications_notification VALUES(49,0,7,15,30);
INSERT INTO notifications_notification VALUES(50,0,8,15,31);
INSERT INTO notifications_notification VALUES(51,0,7,16,32);
INSERT INTO notifications_notification VALUES(52,0,9,12,35);
INSERT INTO notifications_notification VALUES(53,0,9,17,36);
INSERT INTO notifications_notification VALUES(54,0,6,18,37);
INSERT INTO notifications_notification VALUES(55,0,8,18,38);
INSERT INTO notifications_notification VALUES(56,0,7,13,39);
INSERT INTO notifications_notification VALUES(57,0,8,18,40);
INSERT INTO notifications_notification VALUES(58,0,6,12,22);
INSERT INTO notifications_notification VALUES(59,0,6,12,23);
INSERT INTO notifications_notification VALUES(60,0,6,13,24);
INSERT INTO notifications_notification VALUES(61,0,7,14,25);
INSERT INTO notifications_notification VALUES(62,0,6,14,26);
INSERT INTO notifications_notification VALUES(63,0,8,14,27);
INSERT INTO notifications_notification VALUES(64,0,8,12,28);
INSERT INTO notifications_notification VALUES(65,0,8,13,29);
INSERT INTO notifications_notification VALUES(66,0,7,15,30);
INSERT INTO notifications_notification VALUES(67,0,8,15,31);
INSERT INTO notifications_notification VALUES(68,0,7,16,32);
INSERT INTO notifications_notification VALUES(69,0,6,16,33);
INSERT INTO notifications_notification VALUES(70,0,6,13,34);
INSERT INTO notifications_notification VALUES(71,0,9,12,35);
INSERT INTO notifications_notification VALUES(72,0,9,17,36);
INSERT INTO notifications_notification VALUES(73,0,6,18,37);
INSERT INTO notifications_notification VALUES(74,0,8,18,38);
INSERT INTO notifications_notification VALUES(75,0,7,13,39);
INSERT INTO notifications_notification VALUES(76,0,8,18,40);
INSERT INTO notifications_notification VALUES(78,0,6,12,22);
INSERT INTO notifications_notification VALUES(79,0,6,12,23);
INSERT INTO notifications_notification VALUES(80,0,6,13,24);
INSERT INTO notifications_notification VALUES(81,0,7,14,25);
INSERT INTO notifications_notification VALUES(82,0,6,14,26);
INSERT INTO notifications_notification VALUES(83,0,8,14,27);
INSERT INTO notifications_notification VALUES(84,0,8,12,28);
INSERT INTO notifications_notification VALUES(85,0,8,13,29);
INSERT INTO notifications_notification VALUES(86,0,7,15,30);
INSERT INTO notifications_notification VALUES(87,0,8,15,31);
INSERT INTO notifications_notification VALUES(88,0,7,16,32);
INSERT INTO notifications_notification VALUES(89,0,6,16,33);
INSERT INTO notifications_notification VALUES(90,0,6,13,34);
INSERT INTO notifications_notification VALUES(91,0,9,12,35);
INSERT INTO notifications_notification VALUES(92,0,9,17,36);
INSERT INTO notifications_notification VALUES(93,0,6,18,37);
INSERT INTO notifications_notification VALUES(94,0,8,18,38);
INSERT INTO notifications_notification VALUES(95,0,7,13,39);
INSERT INTO notifications_notification VALUES(96,0,8,18,40);
INSERT INTO notifications_notification VALUES(97,0,7,20,42);
INSERT INTO notifications_notification VALUES(98,0,6,20,43);
CREATE TABLE IF NOT EXISTS "notifications_answer" ("id" integer NOT NULL PRIMARY KEY AUTOINCREMENT, "risposta" text NOT NULL, "visualizzata" bool NOT NULL, "notifica_id" integer NOT NULL REFERENCES "notifications_notification" ("id"));
INSERT INTO notifications_answer VALUES(10,'Ci dispiace che non abbia gradito il nostro servizio, grazie per le segnalazioni, provvederemo a migliorare',1,26);
INSERT INTO notifications_answer VALUES(11,'Drago',1,27);
INSERT INTO notifications_answer VALUES(12,'wswwwwwwwwwwwwwwwwwwwwwwwwwwwwwwwwwwwwwwwwwwwwwwwwwwwwwwwwwwwwwwwwwwwwwwwwwwwwwwwwwwwwwwwwwwwwwwwwwwwwwwwwwwwwwwwwwwwwwwww',1,28);
INSERT INTO notifications_answer VALUES(13,'Ci spiace si sia trovato male, ci dia nuovamente fiducia e non la deluderemo!',1,32);
INSERT INTO notifications_answer VALUES(14,'Wela',1,37);
INSERT INTO notifications_answer VALUES(15,'Ho detto wela',1,45);
CREATE TABLE IF NOT EXISTS "recensioni_recensione" ("id" integer NOT NULL PRIMARY KEY AUTOINCREMENT, "voto" integer NOT NULL, "testo" text NOT NULL, "utilita" integer NOT NULL, "attivita_id" integer NOT NULL REFERENCES "attivita_attivita" ("id"), "autore_id" integer NOT NULL REFERENCES "users_userprofile" ("id"), "data" date NOT NULL);
INSERT INTO recensioni_recensione VALUES(22,2,'Sono stato a pranzo con la famiglia, pranzo abbastanza scadente: pesce surgelato, prezzi troppo alti per la qualità del cibo servito.',2,7,12,'2018-05-07');
INSERT INTO recensioni_recensione VALUES(23,5,'Questo posto ci è stato consigliato da un amico, e lo ringraziamo davvero di cuore. Il vino prodotto ed imbottigliato direttamente da loro, la cucina tipica emiliana di qualità eccezionale e la simpatia del personale ti fanno sentire a cena dalla nonna. Prezzo stracciato per una cena ottima.',2,6,12,'2018-05-07');
INSERT INTO recensioni_recensione VALUES(24,4,'Pazzesco, cibo buonissimo, da riprovare!!',0,6,13,'2018-05-07');
INSERT INTO recensioni_recensione VALUES(25,3,'Pizza alta, ingredienti di qualità, nel complesso molto buona, peccato per il prezzo della consegna da asporto un po'' alto (2€ senza bibita omaggio)',1,8,14,'2018-05-08');
INSERT INTO recensioni_recensione VALUES(26,1,'Non mi è piaciuto',-2,7,14,'2018-05-08');
INSERT INTO recensioni_recensione VALUES(27,5,'Carne buonissima e così anche i primi, location bellissima sulle colline reggiane con vista mozzafiato sulla città!',1,10,14,'2018-05-08');
INSERT INTO recensioni_recensione VALUES(28,5,'Tutto buonissimo, in particolare tortelloni e carne. Vista bellissima, personale molto cordiale. Rapporto qualità/prezzo onesto.',1,10,12,'2018-05-08');
INSERT INTO recensioni_recensione VALUES(29,5,'Unica pizzeria che abbia trovato finora in cui trovo attenzione verso le varie intolleranze alimentari, il voto massimo va solo per la mozzarella senza lattosio. In più, la pizza alta è incredibile e gli ingradienti sono di grande qualità,. Consigliatissimo',1,11,13,'2018-05-08');
INSERT INTO recensioni_recensione VALUES(30,5,'Cliente abituale ormai da anni, difficilmente trovo in giro un menù di questo livello a un prezzo onesto e di fianco a casa! Il personale poi è molto preparato e cortese.',-1,12,15,'2018-05-08');
INSERT INTO recensioni_recensione VALUES(31,3,'Pizza buona ma prezzi un po'' alti e molta attesa nelle serate del weekend.',1,11,15,'2018-05-08');
INSERT INTO recensioni_recensione VALUES(32,4,'Il posto migliore della zona dove mangiare il pesce, il prezzo è alto ma ne vale la pena!',-1,9,16,'2018-05-08');
INSERT INTO recensioni_recensione VALUES(33,2,'Attesa lunga e assolutamente non meritata per i piatti arrivati: qualità non eccellente, specialmente per il pesce, e prezzo decisamente più alto della qualità offerta',0,7,16,'2018-05-08');
INSERT INTO recensioni_recensione VALUES(34,2,'Non ci torno più',0,7,13,'2018-05-08');
INSERT INTO recensioni_recensione VALUES(35,4,'Birra molto buona, il fritto abbondante è l''invenzione del secolo, il tema Signore degli Anelli per un appassionato come me è pazzesco! Peccato solo per l''ubicazione, un po'' in mezzo al nulla',0,13,12,'2018-05-08');
INSERT INTO recensioni_recensione VALUES(36,4,'Birra e cibo entrambi molto ottimi, personale simpaticissimo!',0,13,17,'2018-05-08');
INSERT INTO recensioni_recensione VALUES(37,5,'Copio SImo',0,6,18,'2018-05-08');
INSERT INTO recensioni_recensione VALUES(38,5,'Copio Sara',0,11,18,'2018-05-08');
INSERT INTO recensioni_recensione VALUES(39,4,'Qualità indiscutibile, il posto perfetto per il pranzo della Domenica',0,12,13,'2018-05-08');
INSERT INTO recensioni_recensione VALUES(40,3,'Non lo voglio tra i consigliati',0,10,18,'2018-05-08');
INSERT INTO recensioni_recensione VALUES(42,3,'Pizza buona, ma dalla sala si sente il proprietario sbraitare contro i fattorini, non molto piacevole.',0,8,20,'2018-05-08');
INSERT INTO recensioni_recensione VALUES(43,5,'Una delle cene migliori della mia vita: nelle colline modenesi, cucina classica emiliana con porzioni abbondanti e qualità unica, vino fatto in casa molto valido, il tutto per un prezzo stracciato. Non vedo l''ora di tornarci',0,6,20,'2018-05-08');
CREATE TABLE IF NOT EXISTS "attivita_image" ("id" integer NOT NULL PRIMARY KEY AUTOINCREMENT, "titolo" varchar(20) NOT NULL, "immagine" varchar(100) NOT NULL, "tagcloud" bool NOT NULL, "attivita_id" integer NOT NULL REFERENCES "attivita_attivita" ("id"), "filename" varchar(250) NOT NULL);
INSERT INTO attivita_image VALUES(5,'bimb','/home/simo/Scrivania/eatandrate/eatandrate/attivita/static/attivita/6/1_edEhTLI.jpg',0,6,'1.jpg');
INSERT INTO attivita_image VALUES(6,'term','/home/simo/Scrivania/eatandrate/eatandrate/attivita/static/attivita/6/2.jpg',0,6,'2.jpg');
DELETE FROM sqlite_sequence;
INSERT INTO sqlite_sequence VALUES('django_migrations',25);
INSERT INTO sqlite_sequence VALUES('django_admin_log',71);
INSERT INTO sqlite_sequence VALUES('django_content_type',16);
INSERT INTO sqlite_sequence VALUES('auth_permission',49);
INSERT INTO sqlite_sequence VALUES('auth_user',30);
INSERT INTO sqlite_sequence VALUES('attivita_attivita',13);
INSERT INTO sqlite_sequence VALUES('notifications_answer',15);
INSERT INTO sqlite_sequence VALUES('attivita_tipologia',11);
INSERT INTO sqlite_sequence VALUES('users_userprofile',20);
INSERT INTO sqlite_sequence VALUES('auth_user_user_permissions',104);
INSERT INTO sqlite_sequence VALUES('users_ownerprofile',9);
INSERT INTO sqlite_sequence VALUES('attivita_attivita_tipologie',46);
INSERT INTO sqlite_sequence VALUES('recensioni_recensione_votanti',21);
INSERT INTO sqlite_sequence VALUES('notifications_notification',98);
INSERT INTO sqlite_sequence VALUES('search_ricercasemplice',45);
INSERT INTO sqlite_sequence VALUES('recensioni_recensione',43);
INSERT INTO sqlite_sequence VALUES('search_ricercacomplessa',25);
INSERT INTO sqlite_sequence VALUES('search_ricercacomplessa_tipologie',20);
INSERT INTO sqlite_sequence VALUES('attivita_image',6);
CREATE UNIQUE INDEX "auth_group_permissions_group_id_permission_id_0cd325b0_uniq" ON "auth_group_permissions" ("group_id", "permission_id");
CREATE INDEX "auth_group_permissions_group_id_b120cbf9" ON "auth_group_permissions" ("group_id");
CREATE INDEX "auth_group_permissions_permission_id_84c5c92e" ON "auth_group_permissions" ("permission_id");
CREATE UNIQUE INDEX "auth_user_groups_user_id_group_id_94350c0c_uniq" ON "auth_user_groups" ("user_id", "group_id");
CREATE INDEX "auth_user_groups_user_id_6a12ed8b" ON "auth_user_groups" ("user_id");
CREATE INDEX "auth_user_groups_group_id_97559544" ON "auth_user_groups" ("group_id");
CREATE UNIQUE INDEX "auth_user_user_permissions_user_id_permission_id_14a6b632_uniq" ON "auth_user_user_permissions" ("user_id", "permission_id");
CREATE INDEX "auth_user_user_permissions_user_id_a95ead1b" ON "auth_user_user_permissions" ("user_id");
CREATE INDEX "auth_user_user_permissions_permission_id_1fbb5f2c" ON "auth_user_user_permissions" ("permission_id");
CREATE INDEX "django_admin_log_content_type_id_c4bce8eb" ON "django_admin_log" ("content_type_id");
CREATE INDEX "django_admin_log_user_id_c564eba6" ON "django_admin_log" ("user_id");
CREATE UNIQUE INDEX "attivita_attivita_tipologie_attivita_id_tipologia_id_7aa1dbae_uniq" ON "attivita_attivita_tipologie" ("attivita_id", "tipologia_id");
CREATE INDEX "attivita_attivita_tipologie_attivita_id_a215c7a3" ON "attivita_attivita_tipologie" ("attivita_id");
CREATE INDEX "attivita_attivita_tipologie_tipologia_id_3260b880" ON "attivita_attivita_tipologie" ("tipologia_id");
CREATE UNIQUE INDEX "django_content_type_app_label_model_76bd3d3b_uniq" ON "django_content_type" ("app_label", "model");
CREATE UNIQUE INDEX "auth_permission_content_type_id_codename_01ab375a_uniq" ON "auth_permission" ("content_type_id", "codename");
CREATE INDEX "auth_permission_content_type_id_2f476e4b" ON "auth_permission" ("content_type_id");
CREATE INDEX "django_session_expire_date_a5c62663" ON "django_session" ("expire_date");
CREATE INDEX "attivita_attivita_proprietario_id_cce42477" ON "attivita_attivita" ("proprietario_id");
CREATE UNIQUE INDEX "recensioni_recensione_votanti_recensione_id_userprofile_id_2fc79d97_uniq" ON "recensioni_recensione_votanti" ("recensione_id", "userprofile_id");
CREATE INDEX "recensioni_recensione_votanti_recensione_id_31f9121e" ON "recensioni_recensione_votanti" ("recensione_id");
CREATE INDEX "recensioni_recensione_votanti_userprofile_id_c1669cf5" ON "recensioni_recensione_votanti" ("userprofile_id");
CREATE UNIQUE INDEX "search_ricercacomplessa_tipologie_ricercacomplessa_id_tipologia_id_8ae149af_uniq" ON "search_ricercacomplessa_tipologie" ("ricercacomplessa_id", "tipologia_id");
CREATE INDEX "search_ricercacomplessa_tipologie_ricercacomplessa_id_e72cf8ca" ON "search_ricercacomplessa_tipologie" ("ricercacomplessa_id");
CREATE INDEX "search_ricercacomplessa_tipologie_tipologia_id_99f11261" ON "search_ricercacomplessa_tipologie" ("tipologia_id");
CREATE INDEX "notifications_notification_destinatario_id_2f6606d2" ON "notifications_notification" ("destinatario_id");
CREATE INDEX "notifications_notification_mittente_id_37e33fde" ON "notifications_notification" ("mittente_id");
CREATE INDEX "notifications_notification_recensione_id_222e3905" ON "notifications_notification" ("recensione_id");
CREATE INDEX "notifications_answer_notifica_id_af605308" ON "notifications_answer" ("notifica_id");
CREATE INDEX "recensioni_recensione_attivita_id_379200be" ON "recensioni_recensione" ("attivita_id");
CREATE INDEX "recensioni_recensione_autore_id_dc763cfb" ON "recensioni_recensione" ("autore_id");
CREATE INDEX "attivita_image_attivita_id_88a367ba" ON "attivita_image" ("attivita_id");
COMMIT;
